Country,Survey,State,Infant_Mortality_Rate,Under_Five_Mortality_Rate,Fully_Vaccinated_Pct,Stunting_Pct,Wasting_Pct,Underweight_Pct
Nigeria,2013 DHS,Abia,79 (CI: 52 – 106),132 (CI: 98 – 166),49.8,17.3,11.0,11.6
Nigeria,2013 DHS,Adamawa,103 (CI: 81 – 124),174 (CI: 140 – 208),40.4,34.3,14.5,23.1
Nigeria,2013 DHS,Akwa Ibom,54 (CI: 35 – 73),79 (CI: 56 – 102),48.0,22.4,10.5,15.1
Nigeria,2013 DHS,Anambra,61 (CI: 33 – 89),87 (CI: 46 – 128),51.6,18.4,17.3,14.1
Nigeria,2013 DHS,Bauchi,96 (CI: 81 – 112),228 (CI: 190 – 265),6.1,50.8,23.3,40.6
Nigeria,2013 DHS,Bayelsa,58 (CI: 39 – 76),91 (CI: 71 – 112),51.5,20.5,5.2,10.0
Nigeria,2013 DHS,Benue,89 (CI: 68 – 111),127 (CI: 105 – 149),20.0,22.6,7.8,11.3
Nigeria,2013 DHS,Borno,39 (CI: 23 – 54),79 (CI: 45 – 112),9.7,26.8,28.2,23.3
Nigeria,2013 DHS,Cross River,66 (CI: 48 – 84),104 (CI: 88 – 120),52.5,21.7,9.8,14.8
Nigeria,2013 DHS,Delta,59 (CI: 30 – 88),93 (CI: 54 – 132),50.7,14.9,17.0,15.4
Nigeria,2013 DHS,Ebonyi,113 (CI: 94 – 132),179 (CI: 146 – 212),51.1,16.2,10.5,12.4
Nigeria,2013 DHS,Edo,45 (CI: 32 – 57),71 (CI: 53 – 89),52.2,15.8,10.5,7.6
Nigeria,2013 DHS,Ekiti,69 (CI: 45 – 92),105 (CI: 77 – 134),49.4,19.2,8.3,10.4
Nigeria,2013 DHS,Enugu,73 (CI: 56 – 89),111 (CI: 92 – 130),45.0,11.7,8.9,7.1
Nigeria,2013 DHS,Fct Abuja,51 (CI: 34 – 68),76 (CI: 50 – 101),60.9,20.6,13.8,12.6
Nigeria,2013 DHS,Gombe,80 (CI: 67 – 94),186 (CI: 165 – 206),22.4,47.5,14.2,32.0
Nigeria,2013 DHS,Imo,72 (CI: 50 – 93),133 (CI: 100 – 167),62.4,16.9,11.8,11.6
Nigeria,2013 DHS,Jigawa,98 (CI: 80 – 116),218 (CI: 190 – 246),3.6,59.0,17.0,44.1
Nigeria,2013 DHS,Kaduna,35 (CI: 23 – 47),73 (CI: 48 – 98),35.3,56.6,41.7,57.6
Nigeria,2013 DHS,Kano,78 (CI: 65 – 92),158 (CI: 131 – 185),13.2,48.3,39.7,58.0
Nigeria,2013 DHS,Katsina,83 (CI: 66 – 99),220 (CI: 186 – 254),8.7,58.5,24.3,46.0
Nigeria,2013 DHS,Kebbi,102 (CI: 78 – 127),194 (CI: 153 – 235),2.8,60.6,18.1,39.0
Nigeria,2013 DHS,Kogi,40 (CI: 21 – 58),72 (CI: 45 – 99),35.6,23.1,9.5,14.6
Nigeria,2013 DHS,Kwara,42 (CI: 32 – 53),63 (CI: 45 – 81),42.9,27.1,6.5,13.8
Nigeria,2013 DHS,Lagos,75 (CI: 51 – 99),96 (CI: 67 – 124),53.9,17.0,11.3,12.9
Nigeria,2013 DHS,Nasarawa,73 (CI: 60 – 87),119 (CI: 97 – 142),20.1,34.5,9.8,20.9
Nigeria,2013 DHS,Niger,56 (CI: 38 – 73),86 (CI: 63 – 110),23.0,34.2,17.7,26.0
Nigeria,2013 DHS,Ogun,63 (CI: 41 – 85),93 (CI: 67 – 119),24.4,23.8,10.0,18.3
Nigeria,2013 DHS,Ondo,76 (CI: 62 – 90),119 (CI: 99 – 140),47.2,24.0,6.6,13.4
Nigeria,2013 DHS,Osun,41 (CI: 24 – 58),61 (CI: 44 – 77),55.3,20.5,11.1,11.5
Nigeria,2013 DHS,Oyo,42 (CI: 26 – 59),76 (CI: 54 – 98),25.8,27.2,10.1,17.7
Nigeria,2013 DHS,Plateau,90 (CI: 69 – 111),130 (CI: 99 – 161),23.6,35.8,10.5,19.9
Nigeria,2013 DHS,Rivers,60 (CI: 41 – 79),98 (CI: 73 – 122),55.5,16.1,10.5,11.4
Nigeria,2013 DHS,Sokoto,102 (CI: 75 – 129),210 (CI: 169 – 250),1.4,51.6,19.3,37.7
Nigeria,2013 DHS,Taraba,84 (CI: 72 – 97),152 (CI: 128 – 176),14.4,43.4,7.9,24.5
Nigeria,2013 DHS,Yobe,69 (CI: 54 – 83),143 (CI: 123 – 163),6.9,49.3,23.6,36.6
Nigeria,2013 DHS,Zamfara,142 (CI: 125 – 160),256 (CI: 233 – 279),2.1,55.9,16.2,37.0
Nigeria,2018 DHS,Abia,65 (CI: 47 – 83),86 (CI: 72 – 100),39.0,22.2,9.0,14.6
Nigeria,2018 DHS,Adamawa,68 (CI: 51 – 85),104 (CI: 84 – 124),36.8,39.7,4.2,19.1
Nigeria,2018 DHS,Akwa Ibom,70 (CI: 50 – 91),98 (CI: 72 – 125),42.0,19.6,4.2,8.9
Nigeria,2018 DHS,Anambra,35 (CI: 16 – 55),58 (CI: 23 – 93),75.8,14.0,2.3,6.5
Nigeria,2018 DHS,Bauchi,69 (CI: 58 – 80),147 (CI: 125 – 169),19.6,54.7,8.5,31.9
Nigeria,2018 DHS,Bayelsa,23 (CI: 13 – 32),31 (CI: 18 – 44),18.0,24.9,1.3,13.4
Nigeria,2018 DHS,Benue,40 (CI: 29 – 52),59 (CI: 44 – 74),27.4,20.8,8.9,12.6
Nigeria,2018 DHS,Borno,52 (CI: 39 – 65),86 (CI: 71 – 102),21.9,45.1,16.0,28.2
Nigeria,2018 DHS,Cross River,60 (CI: 44 – 75),80 (CI: 57 – 103),46.0,22.9,5.0,11.8
Nigeria,2018 DHS,Delta,32 (CI: 20 – 43),53 (CI: 36 – 70),44.4,23.7,2.0,13.0
Nigeria,2018 DHS,Ebonyi,57 (CI: 43 – 70),91 (CI: 73 – 110),44.8,25.2,4.5,15.8
Nigeria,2018 DHS,Edo,52 (CI: 20 – 84),71 (CI: 38 – 103),56.3,16.0,3.3,10.7
Nigeria,2018 DHS,Ekiti,57 (CI: 36 – 78),95 (CI: 82 – 108),41.1,22.1,3.3,11.1
Nigeria,2018 DHS,Enugu,40 (CI: 25 – 55),61 (CI: 43 – 79),36.4,14.8,2.2,6.1
Nigeria,2018 DHS,Fct Abuja,46 (CI: 30 – 62),75 (CI: 55 – 94),49.6,21.2,3.0,12.1
Nigeria,2018 DHS,Gombe,104 (CI: 82 – 125),189 (CI: 159 – 218),18.2,51.2,7.8,30.4
Nigeria,2018 DHS,Imo,54 (CI: 39 – 69),87 (CI: 64 – 110),62.6,17.6,6.9,10.9
Nigeria,2018 DHS,Jigawa,81 (CI: 65 – 96),213 (CI: 187 – 239),23.8,64.0,9.6,42.3
Nigeria,2018 DHS,Kaduna,97 (CI: 77 – 118),187 (CI: 149 – 226),21.8,48.1,4.8,22.1
Nigeria,2018 DHS,Kano,62 (CI: 51 – 74),164 (CI: 139 – 189),34.3,56.9,6.4,30.8
Nigeria,2018 DHS,Katsina,66 (CI: 53 – 78),188 (CI: 165 – 211),21.2,60.5,10.5,39.3
Nigeria,2018 DHS,Kebbi,112 (CI: 96 – 128),252 (CI: 222 – 282),6.3,66.1,12.3,46.4
Nigeria,2018 DHS,Kogi,93 (CI: 75 – 112),148 (CI: 119 – 176),26.2,20.0,3.9,10.2
Nigeria,2018 DHS,Kwara,52 (CI: 32 – 72),74 (CI: 51 – 97),29.3,32.9,7.3,18.6
Nigeria,2018 DHS,Lagos,47 (CI: 37 – 58),59 (CI: 46 – 73),62.4,17.2,6.4,13.3
Nigeria,2018 DHS,Nasarawa,64 (CI: 48 – 80),120 (CI: 104 – 137),39.1,31.4,5.6,20.5
Nigeria,2018 DHS,Niger,57 (CI: 47 – 67),98 (CI: 76 – 119),23.3,28.2,4.7,14.4
Nigeria,2018 DHS,Ogun,19 (CI: 7 – 31),30 (CI: 17 – 43),23.1,26.6,5.7,16.3
Nigeria,2018 DHS,Ondo,49 (CI: 32 – 66),79 (CI: 59 – 100),50.5,20.4,3.3,11.9
Nigeria,2018 DHS,Osun,47 (CI: 34 – 60),70 (CI: 54 – 87),33.8,23.7,4.5,14.4
Nigeria,2018 DHS,Oyo,41 (CI: 26 – 56),64 (CI: 46 – 82),23.3,34.5,3.9,18.0
Nigeria,2018 DHS,Plateau,65 (CI: 51 – 80),106 (CI: 89 – 124),47.8,44.7,2.4,15.3
Nigeria,2018 DHS,Rivers,48 (CI: 34 – 63),79 (CI: 54 – 105),39.2,16.8,6.4,7.4
Nigeria,2018 DHS,Sokoto,102 (CI: 80 – 124),197 (CI: 158 – 236),4.6,54.8,17.9,42.8
Nigeria,2018 DHS,Taraba,63 (CI: 50 – 76),129 (CI: 101 – 157),24.1,41.9,5.3,21.9
Nigeria,2018 DHS,Yobe,90 (CI: 68 – 113),152 (CI: 111 – 194),20.6,57.2,12.4,41.9
Nigeria,2018 DHS,Zamfara,66 (CI: 52 – 79),130 (CI: 105 – 155),7.4,50.8,9.1,32.5
Nigeria,2024 DHS,Abia,49 (CI: 31 – 68),69 (CI: 45 – 93),38.0,20.2,8.2,16.3
Nigeria,2024 DHS,Adamawa,75 (CI: 60 – 90),144 (CI: 119 – 169),38.4,48.6,7.0,32.5
Nigeria,2024 DHS,Akwa Ibom,56 (CI: 33 – 79),80 (CI: 53 – 107),50.8,24.1,11.8,22.6
Nigeria,2024 DHS,Anambra,50 (CI: 31 – 68),72 (CI: 45 – 99),48.7,12.9,9.8,13.0
Nigeria,2024 DHS,Bauchi,77 (CI: 55 – 98),125 (CI: 96 – 154),51.4,61.7,5.2,33.4
Nigeria,2024 DHS,Bayelsa,56 (CI: 39 – 73),73 (CI: 53 – 94),63.4,27.6,8.9,23.0
Nigeria,2024 DHS,Benue,34 (CI: 19 – 48),53 (CI: 36 – 70),25.4,25.3,6.7,13.4
Nigeria,2024 DHS,Borno,48 (CI: 35 – 62),86 (CI: 63 – 108),28.5,40.9,10.3,28.1
Nigeria,2024 DHS,Cross River,39 (CI: 27 – 52),60 (CI: 43 – 77),68.6,21.0,5.6,16.0
Nigeria,2024 DHS,Delta,26 (CI: 14 – 38),33 (CI: 21 – 46),68.1,20.0,15.1,19.6
Nigeria,2024 DHS,Ebonyi,42 (CI: 29 – 54),68 (CI: 53 – 83),57.9,31.6,6.5,22.4
Nigeria,2024 DHS,Edo,13 (CI: 6 – 20),19 (CI: 10 – 29),58.4,13.6,8.0,13.0
Nigeria,2024 DHS,Ekiti,27 (CI: 15 – 38),44 (CI: 23 – 65),56.6,17.1,5.0,16.9
Nigeria,2024 DHS,Enugu,34 (CI: 20 – 48),49 (CI: 33 – 66),51.8,15.2,3.9,8.2
Nigeria,2024 DHS,Fct Abuja,35 (CI: 24 – 46),60 (CI: 39 – 80),45.6,16.3,7.0,13.7
Nigeria,2024 DHS,Gombe,81 (CI: 62 – 100),157 (CI: 124 – 191),49.2,50.6,8.8,38.6
Nigeria,2024 DHS,Imo,62 (CI: 42 – 83),85 (CI: 64 – 106),59.1,17.3,7.1,15.8
Nigeria,2024 DHS,Jigawa,81 (CI: 66 – 96),161 (CI: 138 – 184),56.9,55.7,13.2,41.9
Nigeria,2024 DHS,Kaduna,85 (CI: 74 – 97),153 (CI: 129 – 177),35.7,40.7,5.9,24.7
Nigeria,2024 DHS,Kano,86 (CI: 70 – 102),158 (CI: 135 – 182),35.8,51.9,10.4,38.4
Nigeria,2024 DHS,Katsina,63 (CI: 36 – 90),105 (CI: 74 – 137),45.3,64.6,6.7,26.8
Nigeria,2024 DHS,Kebbi,90 (CI: 66 – 114),159 (CI: 109 – 208),9.7,60.0,9.6,40.6
Nigeria,2024 DHS,Kogi,59 (CI: 42 – 75),78 (CI: 59 – 97),16.8,34.6,5.9,21.1
Nigeria,2024 DHS,Kwara,12 (CI: 2 – 22),14 (CI: 4 – 25),28.1,40.8,6.1,24.5
Nigeria,2024 DHS,Lagos,36 (CI: 23 – 48),46 (CI: 34 – 59),66.1,17.3,6.0,14.3
Nigeria,2024 DHS,Nasarawa,70 (CI: 54 – 87),106 (CI: 83 – 128),42.3,35.0,9.6,22.9
Nigeria,2024 DHS,Niger,31 (CI: 18 – 44),49 (CI: 33 – 66),28.3,43.9,5.8,23.7
Nigeria,2024 DHS,Ogun,47 (CI: 32 – 62),60 (CI: 43 – 77),51.4,17.7,13.4,23.8
Nigeria,2024 DHS,Ondo,8 (CI: 2 – 15),15 (CI: 6 – 24),50.9,23.2,10.2,17.8
Nigeria,2024 DHS,Osun,49 (CI: 31 – 68),55 (CI: 33 – 77),55.3,30.5,11.8,27.9
Nigeria,2024 DHS,Oyo,18 (CI: 6 – 29),23 (CI: 11 – 34),31.1,23.1,14.4,26.1
Nigeria,2024 DHS,Plateau,59 (CI: 46 – 72),98 (CI: 76 – 121),25.3,46.4,4.8,22.8
Nigeria,2024 DHS,Rivers,39 (CI: 26 – 53),54 (CI: 37 – 71),55.7,12.3,12.7,13.0
Nigeria,2024 DHS,Sokoto,56 (CI: 41 – 71),109 (CI: 82 – 137),8.4,42.8,6.0,24.9
Nigeria,2024 DHS,Taraba,64 (CI: 37 – 91),126 (CI: 83 – 169),26.0,45.6,9.5,31.4
Nigeria,2024 DHS,Yobe,54 (CI: 36 – 73),145 (CI: 115 – 175),37.4,54.5,10.1,38.8
Nigeria,2024 DHS,Zamfara,60 (CI: 36 – 84),119 (CI: 71 – 166),9.6,64.2,5.3,44.3
