,,,,,,,,,
,,,,,,,,,
,,,,,,,,,
Country,Survey,By,Characteristic,Infant mortality rate,Under-five mortality rate,Fully vaccinated (8 basic antigens),Children stunted,Children wasted,Children underweight
Nigeria,2024 DHS,Five years preceding the survey,Total,63 (CI: 58 – 68),110 (CI: 103 – 117),,,,
Nigeria,2024 DHS,Ten years preceding the survey,Total,59 (CI: 55 – 63),103 (CI: 97 – 110),,,,
Nigeria,2024 DHS,,Total,,,39.4,39.5,8.4,26.6
Nigeria,2024 DHS,Five years preceding the survey,Groups of States : North Central (L1),,,,,,
Nigeria,2024 DHS,Ten years preceding the survey,Groups of States : North Central (L1),42 (CI: 36 – 48),65 (CI: 56 – 74),,,,
Nigeria,2024 DHS,,Groups of States : North Central (L1),,,30.1,36.8,6.5,21.1
Nigeria,2024 DHS,Five years preceding the survey,Groups of States : North East (L1),,,,,,
Nigeria,2024 DHS,Ten years preceding the survey,Groups of States : North East (L1),66 (CI: 57 – 75),127 (CI: 114 – 140),,,,
Nigeria,2024 DHS,,Groups of States : North East (L1),,,40.2,51.8,8.1,33.4
Nigeria,2024 DHS,Five years preceding the survey,Groups of States : North West (L1),,,,,,
Nigeria,2024 DHS,Ten years preceding the survey,Groups of States : North West (L1),76 (CI: 69 – 84),140 (CI: 129 – 152),,,,
Nigeria,2024 DHS,,Groups of States : North West (L1),,,31.6,53.2,8.3,33.8
Nigeria,2024 DHS,Five years preceding the survey,Groups of States : South East (L1),,,,,,
Nigeria,2024 DHS,Ten years preceding the survey,Groups of States : South East (L1),48 (CI: 40 – 56),70 (CI: 61 – 80),,,,
Nigeria,2024 DHS,,Groups of States : South East (L1),,,53.5,20.6,7,16
Nigeria,2024 DHS,Five years preceding the survey,Groups of States : South West (L1),,,,,,
Nigeria,2024 DHS,Ten years preceding the survey,Groups of States : South West (L1),33 (CI: 26 – 39),42 (CI: 35 – 49),,,,
Nigeria,2024 DHS,,Groups of States : South West (L1),,,52.9,21.2,11,21.8
Nigeria,2024 DHS,Five years preceding the survey,Groups of States : South South (L1),,,,,,
Nigeria,2024 DHS,Ten years preceding the survey,Groups of States : South South (L1),36 (CI: 30 – 43),50 (CI: 42 – 58),,,,
Nigeria,2024 DHS,,Groups of States : South South (L1),,,60.7,17.9,11.3,16.8
Nigeria,2024 DHS,Five years preceding the survey,States : FCT Abuja (L2),,,,,,
Nigeria,2024 DHS,Ten years preceding the survey,States : FCT Abuja (L2),35 (CI: 24 – 46),60 (CI: 39 – 80),,,,
Nigeria,2024 DHS,,States : FCT Abuja (L2),,,45.6,16.3,7,13.7
Nigeria,2024 DHS,Five years preceding the survey,States : Benue (L2),,,,,,
Nigeria,2024 DHS,Ten years preceding the survey,States : Benue (L2),34 (CI: 19 – 48),53 (CI: 36 – 70),,,,
Nigeria,2024 DHS,,States : Benue (L2),,,25.4,25.3,6.7,13.4
Nigeria,2024 DHS,Five years preceding the survey,States : Kogi (L2),,,,,,
Nigeria,2024 DHS,Ten years preceding the survey,States : Kogi (L2),59 (CI: 42 – 75),78 (CI: 59 – 97),,,,
Nigeria,2024 DHS,,States : Kogi (L2),,,16.8,34.6,5.9,21.1
Nigeria,2024 DHS,Five years preceding the survey,States : Kwara (L2),,,,,,
Nigeria,2024 DHS,Ten years preceding the survey,States : Kwara (L2),12 (CI: 2 – 22),14 (CI: 4 – 25),,,,
Nigeria,2024 DHS,,States : Kwara (L2),,,28.1,40.8,6.1,24.5
Nigeria,2024 DHS,Five years preceding the survey,States : Nasarawa (L2),,,,,,
Nigeria,2024 DHS,Ten years preceding the survey,States : Nasarawa (L2),70 (CI: 54 – 87),106 (CI: 83 – 128),,,,
Nigeria,2024 DHS,,States : Nasarawa (L2),,,42.3,35,9.6,22.9
Nigeria,2024 DHS,Five years preceding the survey,States : Niger (L2),,,,,,
Nigeria,2024 DHS,Ten years preceding the survey,States : Niger (L2),31 (CI: 18 – 44),49 (CI: 33 – 66),,,,
Nigeria,2024 DHS,,States : Niger (L2),,,28.3,43.9,5.8,23.7
Nigeria,2024 DHS,Five years preceding the survey,States : Plateau (L2),,,,,,
Nigeria,2024 DHS,Ten years preceding the survey,States : Plateau (L2),59 (CI: 46 – 72),98 (CI: 76 – 121),,,,
Nigeria,2024 DHS,,States : Plateau (L2),,,25.3,46.4,4.8,22.8
Nigeria,2024 DHS,Five years preceding the survey,States : Adamawa (L2),,,,,,
Nigeria,2024 DHS,Ten years preceding the survey,States : Adamawa (L2),75 (CI: 60 – 90),144 (CI: 119 – 169),,,,
Nigeria,2024 DHS,,States : Adamawa (L2),,,38.4,48.6,7,32.5
Nigeria,2024 DHS,Five years preceding the survey,States : Bauchi (L2),,,,,,
Nigeria,2024 DHS,Ten years preceding the survey,States : Bauchi (L2),77 (CI: 55 – 98),125 (CI: 96 – 154),,,,
Nigeria,2024 DHS,,States : Bauchi (L2),,,51.4,61.7,5.2,33.4
Nigeria,2024 DHS,Five years preceding the survey,States : Borno (L2),,,,,,
Nigeria,2024 DHS,Ten years preceding the survey,States : Borno (L2),48 (CI: 35 – 62),86 (CI: 63 – 108),,,,
Nigeria,2024 DHS,,States : Borno (L2),,,28.5,40.9,10.3,28.1
Nigeria,2024 DHS,Five years preceding the survey,States : Gombe (L2),,,,,,
Nigeria,2024 DHS,Ten years preceding the survey,States : Gombe (L2),81 (CI: 62 – 100),157 (CI: 124 – 191),,,,
Nigeria,2024 DHS,,States : Gombe (L2),,,49.2,50.6,8.8,38.6
Nigeria,2024 DHS,Five years preceding the survey,States : Taraba (L2),,,,,,
Nigeria,2024 DHS,Ten years preceding the survey,States : Taraba (L2),64 (CI: 37 – 91),126 (CI: 83 – 169),,,,
Nigeria,2024 DHS,,States : Taraba (L2),,,26,45.6,9.5,31.4
Nigeria,2024 DHS,Five years preceding the survey,States : Yobe (L2),,,,,,
Nigeria,2024 DHS,Ten years preceding the survey,States : Yobe (L2),54 (CI: 36 – 73),145 (CI: 115 – 175),,,,
Nigeria,2024 DHS,,States : Yobe (L2),,,37.4,54.5,10.1,38.8
Nigeria,2024 DHS,Five years preceding the survey,States : Jigawa (L2),,,,,,
Nigeria,2024 DHS,Ten years preceding the survey,States : Jigawa (L2),81 (CI: 66 – 96),161 (CI: 138 – 184),,,,
Nigeria,2024 DHS,,States : Jigawa (L2),,,56.9,55.7,13.2,41.9
Nigeria,2024 DHS,Five years preceding the survey,States : Kaduna (L2),,,,,,
Nigeria,2024 DHS,Ten years preceding the survey,States : Kaduna (L2),85 (CI: 74 – 97),153 (CI: 129 – 177),,,,
Nigeria,2024 DHS,,States : Kaduna (L2),,,35.7,40.7,5.9,24.7
Nigeria,2024 DHS,Five years preceding the survey,States : Kano (L2),,,,,,
Nigeria,2024 DHS,Ten years preceding the survey,States : Kano (L2),86 (CI: 70 – 102),158 (CI: 135 – 182),,,,
Nigeria,2024 DHS,,States : Kano (L2),,,35.8,51.9,10.4,38.4
Nigeria,2024 DHS,Five years preceding the survey,States : Katsina (L2),,,,,,
Nigeria,2024 DHS,Ten years preceding the survey,States : Katsina (L2),63 (CI: 36 – 90),105 (CI: 74 – 137),,,,
Nigeria,2024 DHS,,States : Katsina (L2),,,45.3,64.6,6.7,26.8
Nigeria,2024 DHS,Five years preceding the survey,States : Kebbi (L2),,,,,,
Nigeria,2024 DHS,Ten years preceding the survey,States : Kebbi (L2),90 (CI: 66 – 114),159 (CI: 109 – 208),,,,
Nigeria,2024 DHS,,States : Kebbi (L2),,,9.7,60,9.6,40.6
Nigeria,2024 DHS,Five years preceding the survey,States : Sokoto (L2),,,,,,
Nigeria,2024 DHS,Ten years preceding the survey,States : Sokoto (L2),56 (CI: 41 – 71),109 (CI: 82 – 137),,,,
Nigeria,2024 DHS,,States : Sokoto (L2),,,8.4,42.8,6,24.9
Nigeria,2024 DHS,Five years preceding the survey,States : Zamfara (L2),,,,,,
Nigeria,2024 DHS,Ten years preceding the survey,States : Zamfara (L2),60 (CI: 36 – 84),119 (CI: 71 – 166),,,,
Nigeria,2024 DHS,,States : Zamfara (L2),,,9.6,64.2,5.3,44.3
Nigeria,2024 DHS,Five years preceding the survey,States : Abia (L2),,,,,,
Nigeria,2024 DHS,Ten years preceding the survey,States : Abia (L2),49 (CI: 31 – 68),69 (CI: 45 – 93),,,,
Nigeria,2024 DHS,,States : Abia (L2),,,38,20.2,8.2,16.3
Nigeria,2024 DHS,Five years preceding the survey,States : Anambra (L2),,,,,,
Nigeria,2024 DHS,Ten years preceding the survey,States : Anambra (L2),50 (CI: 31 – 68),72 (CI: 45 – 99),,,,
Nigeria,2024 DHS,,States : Anambra (L2),,,48.7,12.9,9.8,13
Nigeria,2024 DHS,Five years preceding the survey,States : Ebonyi (L2),,,,,,
Nigeria,2024 DHS,Ten years preceding the survey,States : Ebonyi (L2),42 (CI: 29 – 54),68 (CI: 53 – 83),,,,
Nigeria,2024 DHS,,States : Ebonyi (L2),,,57.9,31.6,6.5,22.4
Nigeria,2024 DHS,Five years preceding the survey,States : Enugu (L2),,,,,,
Nigeria,2024 DHS,Ten years preceding the survey,States : Enugu (L2),34 (CI: 20 – 48),49 (CI: 33 – 66),,,,
Nigeria,2024 DHS,,States : Enugu (L2),,,51.8,15.2,3.9,8.2
Nigeria,2024 DHS,Five years preceding the survey,States : Imo (L2),,,,,,
Nigeria,2024 DHS,Ten years preceding the survey,States : Imo (L2),62 (CI: 42 – 83),85 (CI: 64 – 106),,,,
Nigeria,2024 DHS,,States : Imo (L2),,,59.1,17.3,7.1,15.8
Nigeria,2024 DHS,Five years preceding the survey,States : Ekiti (L2),,,,,,
Nigeria,2024 DHS,Ten years preceding the survey,States : Ekiti (L2),27 (CI: 15 – 38),44 (CI: 23 – 65),,,,
Nigeria,2024 DHS,,States : Ekiti (L2),,,56.6,17.1,5,16.9
Nigeria,2024 DHS,Five years preceding the survey,States : Lagos (L2),,,,,,
Nigeria,2024 DHS,Ten years preceding the survey,States : Lagos (L2),36 (CI: 23 – 48),46 (CI: 34 – 59),,,,
Nigeria,2024 DHS,,States : Lagos (L2),,,66.1,17.3,6,14.3
Nigeria,2024 DHS,Five years preceding the survey,States : Ogun (L2),,,,,,
Nigeria,2024 DHS,Ten years preceding the survey,States : Ogun (L2),47 (CI: 32 – 62),60 (CI: 43 – 77),,,,
Nigeria,2024 DHS,,States : Ogun (L2),,,51.4,17.7,13.4,23.8
Nigeria,2024 DHS,Five years preceding the survey,States : Ondo (L2),,,,,,
Nigeria,2024 DHS,Ten years preceding the survey,States : Ondo (L2),8 (CI: 2 – 15),15 (CI: 6 – 24),,,,
Nigeria,2024 DHS,,States : Ondo (L2),,,50.9,23.2,10.2,17.8
Nigeria,2024 DHS,Five years preceding the survey,States : Osun (L2),,,,,,
Nigeria,2024 DHS,Ten years preceding the survey,States : Osun (L2),49 (CI: 31 – 68),55 (CI: 33 – 77),,,,
Nigeria,2024 DHS,,States : Osun (L2),,,55.3,30.5,11.8,27.9
Nigeria,2024 DHS,Five years preceding the survey,States : Oyo (L2),,,,,,
Nigeria,2024 DHS,Ten years preceding the survey,States : Oyo (L2),18 (CI: 6 – 29),23 (CI: 11 – 34),,,,
Nigeria,2024 DHS,,States : Oyo (L2),,,31.1,23.1,14.4,26.1
Nigeria,2024 DHS,Five years preceding the survey,States : Akwa Ibom (L2),,,,,,
Nigeria,2024 DHS,Ten years preceding the survey,States : Akwa Ibom (L2),56 (CI: 33 – 79),80 (CI: 53 – 107),,,,
Nigeria,2024 DHS,,States : Akwa Ibom (L2),,,50.8,24.1,11.8,22.6
Nigeria,2024 DHS,Five years preceding the survey,States : Bayelsa (L2),,,,,,
Nigeria,2024 DHS,Ten years preceding the survey,States : Bayelsa (L2),56 (CI: 39 – 73),73 (CI: 53 – 94),,,,
Nigeria,2024 DHS,,States : Bayelsa (L2),,,63.4,27.6,8.9,23
Nigeria,2024 DHS,Five years preceding the survey,States : Cross River (L2),,,,,,
Nigeria,2024 DHS,Ten years preceding the survey,States : Cross River (L2),39 (CI: 27 – 52),60 (CI: 43 – 77),,,,
Nigeria,2024 DHS,,States : Cross River (L2),,,68.6,21,5.6,16
Nigeria,2024 DHS,Five years preceding the survey,States : Delta (L2),,,,,,
Nigeria,2024 DHS,Ten years preceding the survey,States : Delta (L2),26 (CI: 14 – 38),33 (CI: 21 – 46),,,,
Nigeria,2024 DHS,,States : Delta (L2),,,68.1,20,15.1,19.6
Nigeria,2024 DHS,Five years preceding the survey,States : Edo (L2),,,,,,
Nigeria,2024 DHS,Ten years preceding the survey,States : Edo (L2),13 (CI: 6 – 20),19 (CI: 10 – 29),,,,
Nigeria,2024 DHS,,States : Edo (L2),,,58.4,13.6,8,13
Nigeria,2024 DHS,Five years preceding the survey,States : Rivers (L2),,,,,,
Nigeria,2024 DHS,Ten years preceding the survey,States : Rivers (L2),39 (CI: 26 – 53),54 (CI: 37 – 71),,,,
Nigeria,2024 DHS,,States : Rivers (L2),,,55.7,12.3,12.7,13
Nigeria,2018 DHS,Five years preceding the survey,Total,67 (CI: 63 – 72),132 (CI: 124 – 140),,,,
Nigeria,2018 DHS,Ten years preceding the survey,Total,65 (CI: 62 – 69),129 (CI: 122 – 136),,,,
Nigeria,2018 DHS,,Total,,,31.3,36.8,6.8,21.8
Nigeria,2018 DHS,Five years preceding the survey,Groups of States : North Central (L1),,,,,,
Nigeria,2018 DHS,Ten years preceding the survey,Groups of States : North Central (L1),58 (CI: 52 – 64),95 (CI: 86 – 104),,,,
Nigeria,2018 DHS,,Groups of States : North Central (L1),,,31,28.7,5.6,14.8
Nigeria,2018 DHS,Five years preceding the survey,Groups of States : North East (L1),,,,,,
Nigeria,2018 DHS,Ten years preceding the survey,Groups of States : North East (L1),73 (CI: 66 – 80),134 (CI: 121 – 146),,,,
Nigeria,2018 DHS,,Groups of States : North East (L1),,,22.9,49.1,9.7,29.9
Nigeria,2018 DHS,Five years preceding the survey,Groups of States : North West (L1),,,,,,
Nigeria,2018 DHS,Ten years preceding the survey,Groups of States : North West (L1),80 (CI: 73 – 87),187 (CI: 175 – 200),,,,
Nigeria,2018 DHS,,Groups of States : North West (L1),,,19.9,56.8,9,34.7
Nigeria,2018 DHS,Five years preceding the survey,Groups of States : South East (L1),,,,,,
Nigeria,2018 DHS,Ten years preceding the survey,Groups of States : South East (L1),48 (CI: 40 – 56),75 (CI: 63 – 88),,,,
Nigeria,2018 DHS,,Groups of States : South East (L1),,,57,18.4,4.5,10.4
Nigeria,2018 DHS,Five years preceding the survey,Groups of States : South West (L1),,,,,,
Nigeria,2018 DHS,Ten years preceding the survey,Groups of States : South West (L1),43 (CI: 37 – 49),62 (CI: 55 – 69),,,,
Nigeria,2018 DHS,,Groups of States : South West (L1),,,43,24.7,4.9,14.8
Nigeria,2018 DHS,Five years preceding the survey,Groups of States : South South (L1),,,,,,
Nigeria,2018 DHS,Ten years preceding the survey,Groups of States : South South (L1),49 (CI: 41 – 56),73 (CI: 62 – 83),,,,
Nigeria,2018 DHS,,Groups of States : South South (L1),,,41.8,19.7,4.3,10
Nigeria,2018 DHS,Five years preceding the survey,States : FCT Abuja (L2),,,,,,
Nigeria,2018 DHS,Ten years preceding the survey,States : FCT Abuja (L2),46 (CI: 30 – 62),75 (CI: 55 – 94),,,,
Nigeria,2018 DHS,,States : FCT Abuja (L2),,,49.6,21.2,3,12.1
Nigeria,2018 DHS,Five years preceding the survey,States : Benue (L2),,,,,,
Nigeria,2018 DHS,Ten years preceding the survey,States : Benue (L2),40 (CI: 29 – 52),59 (CI: 44 – 74),,,,
Nigeria,2018 DHS,,States : Benue (L2),,,27.4,20.8,8.9,12.6
Nigeria,2018 DHS,Five years preceding the survey,States : Kogi (L2),,,,,,
Nigeria,2018 DHS,Ten years preceding the survey,States : Kogi (L2),93 (CI: 75 – 112),148 (CI: 119 – 176),,,,
Nigeria,2018 DHS,,States : Kogi (L2),,,26.2,20,3.9,10.2
Nigeria,2018 DHS,Five years preceding the survey,States : Kwara (L2),,,,,,
Nigeria,2018 DHS,Ten years preceding the survey,States : Kwara (L2),52 (CI: 32 – 72),74 (CI: 51 – 97),,,,
Nigeria,2018 DHS,,States : Kwara (L2),,,29.3,32.9,7.3,18.6
Nigeria,2018 DHS,Five years preceding the survey,States : Nasarawa (L2),,,,,,
Nigeria,2018 DHS,Ten years preceding the survey,States : Nasarawa (L2),64 (CI: 48 – 80),120 (CI: 104 – 137),,,,
Nigeria,2018 DHS,,States : Nasarawa (L2),,,39.1,31.4,5.6,20.5
Nigeria,2018 DHS,Five years preceding the survey,States : Niger (L2),,,,,,
Nigeria,2018 DHS,Ten years preceding the survey,States : Niger (L2),57 (CI: 47 – 67),98 (CI: 76 – 119),,,,
Nigeria,2018 DHS,,States : Niger (L2),,,23.3,28.2,4.7,14.4
Nigeria,2018 DHS,Five years preceding the survey,States : Plateau (L2),,,,,,
Nigeria,2018 DHS,Ten years preceding the survey,States : Plateau (L2),65 (CI: 51 – 80),106 (CI: 89 – 124),,,,
Nigeria,2018 DHS,,States : Plateau (L2),,,47.8,44.7,2.4,15.3
Nigeria,2018 DHS,Five years preceding the survey,States : Adamawa (L2),,,,,,
Nigeria,2018 DHS,Ten years preceding the survey,States : Adamawa (L2),68 (CI: 51 – 85),104 (CI: 84 – 124),,,,
Nigeria,2018 DHS,,States : Adamawa (L2),,,36.8,39.7,4.2,19.1
Nigeria,2018 DHS,Five years preceding the survey,States : Bauchi (L2),,,,,,
Nigeria,2018 DHS,Ten years preceding the survey,States : Bauchi (L2),69 (CI: 58 – 80),147 (CI: 125 – 169),,,,
Nigeria,2018 DHS,,States : Bauchi (L2),,,19.6,54.7,8.5,31.9
Nigeria,2018 DHS,Five years preceding the survey,States : Borno (L2),,,,,,
Nigeria,2018 DHS,Ten years preceding the survey,States : Borno (L2),52 (CI: 39 – 65),86 (CI: 71 – 102),,,,
Nigeria,2018 DHS,,States : Borno (L2),,,21.9,45.1,16,28.2
Nigeria,2018 DHS,Five years preceding the survey,States : Gombe (L2),,,,,,
Nigeria,2018 DHS,Ten years preceding the survey,States : Gombe (L2),104 (CI: 82 – 125),189 (CI: 159 – 218),,,,
Nigeria,2018 DHS,,States : Gombe (L2),,,18.2,51.2,7.8,30.4
Nigeria,2018 DHS,Five years preceding the survey,States : Taraba (L2),,,,,,
Nigeria,2018 DHS,Ten years preceding the survey,States : Taraba (L2),63 (CI: 50 – 76),129 (CI: 101 – 157),,,,
Nigeria,2018 DHS,,States : Taraba (L2),,,24.1,41.9,5.3,21.9
Nigeria,2018 DHS,Five years preceding the survey,States : Yobe (L2),,,,,,
Nigeria,2018 DHS,Ten years preceding the survey,States : Yobe (L2),90 (CI: 68 – 113),152 (CI: 111 – 194),,,,
Nigeria,2018 DHS,,States : Yobe (L2),,,20.6,57.2,12.4,41.9
Nigeria,2018 DHS,Five years preceding the survey,States : Jigawa (L2),,,,,,
Nigeria,2018 DHS,Ten years preceding the survey,States : Jigawa (L2),81 (CI: 65 – 96),213 (CI: 187 – 239),,,,
Nigeria,2018 DHS,,States : Jigawa (L2),,,23.8,64,9.6,42.3
Nigeria,2018 DHS,Five years preceding the survey,States : Kaduna (L2),,,,,,
Nigeria,2018 DHS,Ten years preceding the survey,States : Kaduna (L2),97 (CI: 77 – 118),187 (CI: 149 – 226),,,,
Nigeria,2018 DHS,,States : Kaduna (L2),,,21.8,48.1,4.8,22.1
Nigeria,2018 DHS,Five years preceding the survey,States : Kano (L2),,,,,,
Nigeria,2018 DHS,Ten years preceding the survey,States : Kano (L2),62 (CI: 51 – 74),164 (CI: 139 – 189),,,,
Nigeria,2018 DHS,,States : Kano (L2),,,34.3,56.9,6.4,30.8
Nigeria,2018 DHS,Five years preceding the survey,States : Katsina (L2),,,,,,
Nigeria,2018 DHS,Ten years preceding the survey,States : Katsina (L2),66 (CI: 53 – 78),188 (CI: 165 – 211),,,,
Nigeria,2018 DHS,,States : Katsina (L2),,,21.2,60.5,10.5,39.3
Nigeria,2018 DHS,Five years preceding the survey,States : Kebbi (L2),,,,,,
Nigeria,2018 DHS,Ten years preceding the survey,States : Kebbi (L2),112 (CI: 96 – 128),252 (CI: 222 – 282),,,,
Nigeria,2018 DHS,,States : Kebbi (L2),,,6.3,66.1,12.3,46.4
Nigeria,2018 DHS,Five years preceding the survey,States : Sokoto (L2),,,,,,
Nigeria,2018 DHS,Ten years preceding the survey,States : Sokoto (L2),102 (CI: 80 – 124),197 (CI: 158 – 236),,,,
Nigeria,2018 DHS,,States : Sokoto (L2),,,4.6,54.8,17.9,42.8
Nigeria,2018 DHS,Five years preceding the survey,States : Zamfara (L2),,,,,,
Nigeria,2018 DHS,Ten years preceding the survey,States : Zamfara (L2),66 (CI: 52 – 79),130 (CI: 105 – 155),,,,
Nigeria,2018 DHS,,States : Zamfara (L2),,,7.4,50.8,9.1,32.5
Nigeria,2018 DHS,Five years preceding the survey,States : Abia (L2),,,,,,
Nigeria,2018 DHS,Ten years preceding the survey,States : Abia (L2),65 (CI: 47 – 83),86 (CI: 72 – 100),,,,
Nigeria,2018 DHS,,States : Abia (L2),,,39,22.2,9,14.6
Nigeria,2018 DHS,Five years preceding the survey,States : Anambra (L2),,,,,,
Nigeria,2018 DHS,Ten years preceding the survey,States : Anambra (L2),35 (CI: 16 – 55),58 (CI: 23 – 93),,,,
Nigeria,2018 DHS,,States : Anambra (L2),,,75.8,14,2.3,6.5
Nigeria,2018 DHS,Five years preceding the survey,States : Ebonyi (L2),,,,,,
Nigeria,2018 DHS,Ten years preceding the survey,States : Ebonyi (L2),57 (CI: 43 – 70),91 (CI: 73 – 110),,,,
Nigeria,2018 DHS,,States : Ebonyi (L2),,,44.8,25.2,4.5,15.8
Nigeria,2018 DHS,Five years preceding the survey,States : Enugu (L2),,,,,,
Nigeria,2018 DHS,Ten years preceding the survey,States : Enugu (L2),40 (CI: 25 – 55),61 (CI: 43 – 79),,,,
Nigeria,2018 DHS,,States : Enugu (L2),,,36.4,14.8,2.2,6.1
Nigeria,2018 DHS,Five years preceding the survey,States : Imo (L2),,,,,,
Nigeria,2018 DHS,Ten years preceding the survey,States : Imo (L2),54 (CI: 39 – 69),87 (CI: 64 – 110),,,,
Nigeria,2018 DHS,,States : Imo (L2),,,62.6,17.6,6.9,10.9
Nigeria,2018 DHS,Five years preceding the survey,States : Ekiti (L2),,,,,,
Nigeria,2018 DHS,Ten years preceding the survey,States : Ekiti (L2),57 (CI: 36 – 78),95 (CI: 82 – 108),,,,
Nigeria,2018 DHS,,States : Ekiti (L2),,,41.1,22.1,3.3,11.1
Nigeria,2018 DHS,Five years preceding the survey,States : Lagos (L2),,,,,,
Nigeria,2018 DHS,Ten years preceding the survey,States : Lagos (L2),47 (CI: 37 – 58),59 (CI: 46 – 73),,,,
Nigeria,2018 DHS,,States : Lagos (L2),,,62.4,17.2,6.4,13.3
Nigeria,2018 DHS,Five years preceding the survey,States : Ogun (L2),,,,,,
Nigeria,2018 DHS,Ten years preceding the survey,States : Ogun (L2),19 (CI: 7 – 31),30 (CI: 17 – 43),,,,
Nigeria,2018 DHS,,States : Ogun (L2),,,23.1,26.6,5.7,16.3
Nigeria,2018 DHS,Five years preceding the survey,States : Ondo (L2),,,,,,
Nigeria,2018 DHS,Ten years preceding the survey,States : Ondo (L2),49 (CI: 32 – 66),79 (CI: 59 – 100),,,,
Nigeria,2018 DHS,,States : Ondo (L2),,,50.5,20.4,3.3,11.9
Nigeria,2018 DHS,Five years preceding the survey,States : Osun (L2),,,,,,
Nigeria,2018 DHS,Ten years preceding the survey,States : Osun (L2),47 (CI: 34 – 60),70 (CI: 54 – 87),,,,
Nigeria,2018 DHS,,States : Osun (L2),,,33.8,23.7,4.5,14.4
Nigeria,2018 DHS,Five years preceding the survey,States : Oyo (L2),,,,,,
Nigeria,2018 DHS,Ten years preceding the survey,States : Oyo (L2),41 (CI: 26 – 56),64 (CI: 46 – 82),,,,
Nigeria,2018 DHS,,States : Oyo (L2),,,23.3,34.5,3.9,18
Nigeria,2018 DHS,Five years preceding the survey,States : Akwa Ibom (L2),,,,,,
Nigeria,2018 DHS,Ten years preceding the survey,States : Akwa Ibom (L2),70 (CI: 50 – 91),98 (CI: 72 – 125),,,,
Nigeria,2018 DHS,,States : Akwa Ibom (L2),,,42,19.6,4.2,8.9
Nigeria,2018 DHS,Five years preceding the survey,States : Bayelsa (L2),,,,,,
Nigeria,2018 DHS,Ten years preceding the survey,States : Bayelsa (L2),23 (CI: 13 – 32),31 (CI: 18 – 44),,,,
Nigeria,2018 DHS,,States : Bayelsa (L2),,,18,24.9,1.3,13.4
Nigeria,2018 DHS,Five years preceding the survey,States : Cross River (L2),,,,,,
Nigeria,2018 DHS,Ten years preceding the survey,States : Cross River (L2),60 (CI: 44 – 75),80 (CI: 57 – 103),,,,
Nigeria,2018 DHS,,States : Cross River (L2),,,46,22.9,5,11.8
Nigeria,2018 DHS,Five years preceding the survey,States : Delta (L2),,,,,,
Nigeria,2018 DHS,Ten years preceding the survey,States : Delta (L2),32 (CI: 20 – 43),53 (CI: 36 – 70),,,,
Nigeria,2018 DHS,,States : Delta (L2),,,44.4,23.7,2,13
Nigeria,2018 DHS,Five years preceding the survey,States : Edo (L2),,,,,,
Nigeria,2018 DHS,Ten years preceding the survey,States : Edo (L2),52 (CI: 20 – 84),71 (CI: 38 – 103),,,,
Nigeria,2018 DHS,,States : Edo (L2),,,56.3,16,3.3,10.7
Nigeria,2018 DHS,Five years preceding the survey,States : Rivers (L2),,,,,,
Nigeria,2018 DHS,Ten years preceding the survey,States : Rivers (L2),48 (CI: 34 – 63),79 (CI: 54 – 105),,,,
Nigeria,2018 DHS,,States : Rivers (L2),,,39.2,16.8,6.4,7.4
Nigeria,2013 DHS,Five years preceding the survey,Total,69 (CI: 64 – 73),128 (CI: 121 – 135),,,,
Nigeria,2013 DHS,Ten years preceding the survey,Total,77 (CI: 73 – 81),144 (CI: 136 – 152),,,,
Nigeria,2013 DHS,,Total,,,25.3,36.8,18,28.7
Nigeria,2013 DHS,Five years preceding the survey,Groups of States : North Central (L1),,,,,,
Nigeria,2013 DHS,Ten years preceding the survey,Groups of States : North Central (L1),66 (CI: 58 – 75),100 (CI: 89 – 112),,,,
Nigeria,2013 DHS,,Groups of States : North Central (L1),,,26.9,29.3,11.7,18.5
Nigeria,2013 DHS,Five years preceding the survey,Groups of States : North East (L1),,,,,,
Nigeria,2013 DHS,Ten years preceding the survey,Groups of States : North East (L1),77 (CI: 69 – 85),160 (CI: 143 – 178),,,,
Nigeria,2013 DHS,,Groups of States : North East (L1),,,14.2,42.3,19.5,30.8
Nigeria,2013 DHS,Five years preceding the survey,Groups of States : North West (L1),,,,,,
Nigeria,2013 DHS,Ten years preceding the survey,Groups of States : North West (L1),89 (CI: 81 – 98),185 (CI: 171 – 200),,,,
Nigeria,2013 DHS,,Groups of States : North West (L1),,,9.6,54.8,27.1,47.4
Nigeria,2013 DHS,Five years preceding the survey,Groups of States : South East (L1),,,,,,
Nigeria,2013 DHS,Ten years preceding the survey,Groups of States : South East (L1),82 (CI: 71 – 93),131 (CI: 114 – 149),,,,
Nigeria,2013 DHS,,Groups of States : South East (L1),,,51.7,16,11.9,11.4
Nigeria,2013 DHS,Five years preceding the survey,Groups of States : South West (L1),,,,,,
Nigeria,2013 DHS,Ten years preceding the survey,Groups of States : South West (L1),61 (CI: 51 – 70),90 (CI: 78 – 102),,,,
Nigeria,2013 DHS,,Groups of States : South West (L1),,,40.9,22.2,10,14.9
Nigeria,2013 DHS,Five years preceding the survey,Groups of States : South South (L1),,,,,,
Nigeria,2013 DHS,Ten years preceding the survey,Groups of States : South South (L1),58 (CI: 49 – 66),91 (CI: 80 – 102),,,,
Nigeria,2013 DHS,,Groups of States : South South (L1),,,52,18.3,11.1,12.8
Nigeria,2013 DHS,Five years preceding the survey,States : FCT Abuja (L2),,,,,,
Nigeria,2013 DHS,Ten years preceding the survey,States : FCT Abuja (L2),51 (CI: 34 – 68),76 (CI: 50 – 101),,,,
Nigeria,2013 DHS,,States : FCT Abuja (L2),,,60.9,20.6,13.8,12.6
Nigeria,2013 DHS,Five years preceding the survey,States : Benue (L2),,,,,,
Nigeria,2013 DHS,Ten years preceding the survey,States : Benue (L2),89 (CI: 68 – 111),127 (CI: 105 – 149),,,,
Nigeria,2013 DHS,,States : Benue (L2),,,20,22.6,7.8,11.3
Nigeria,2013 DHS,Five years preceding the survey,States : Kogi (L2),,,,,,
Nigeria,2013 DHS,Ten years preceding the survey,States : Kogi (L2),40 (CI: 21 – 58),72 (CI: 45 – 99),,,,
Nigeria,2013 DHS,,States : Kogi (L2),,,35.6,23.1,9.5,14.6
Nigeria,2013 DHS,Five years preceding the survey,States : Kwara (L2),,,,,,
Nigeria,2013 DHS,Ten years preceding the survey,States : Kwara (L2),42 (CI: 32 – 53),63 (CI: 45 – 81),,,,
Nigeria,2013 DHS,,States : Kwara (L2),,,42.9,27.1,6.5,13.8
Nigeria,2013 DHS,Five years preceding the survey,States : Nasarawa (L2),,,,,,
Nigeria,2013 DHS,Ten years preceding the survey,States : Nasarawa (L2),73 (CI: 60 – 87),119 (CI: 97 – 142),,,,
Nigeria,2013 DHS,,States : Nasarawa (L2),,,20.1,34.5,9.8,20.9
Nigeria,2013 DHS,Five years preceding the survey,States : Niger (L2),,,,,,
Nigeria,2013 DHS,Ten years preceding the survey,States : Niger (L2),56 (CI: 38 – 73),86 (CI: 63 – 110),,,,
Nigeria,2013 DHS,,States : Niger (L2),,,23,34.2,17.7,26
Nigeria,2013 DHS,Five years preceding the survey,States : Plateau (L2),,,,,,
Nigeria,2013 DHS,Ten years preceding the survey,States : Plateau (L2),90 (CI: 69 – 111),130 (CI: 99 – 161),,,,
Nigeria,2013 DHS,,States : Plateau (L2),,,23.6,35.8,10.5,19.9
Nigeria,2013 DHS,Five years preceding the survey,States : Adamawa (L2),,,,,,
Nigeria,2013 DHS,Ten years preceding the survey,States : Adamawa (L2),103 (CI: 81 – 124),174 (CI: 140 – 208),,,,
Nigeria,2013 DHS,,States : Adamawa (L2),,,40.4,34.3,14.5,23.1
Nigeria,2013 DHS,Five years preceding the survey,States : Bauchi (L2),,,,,,
Nigeria,2013 DHS,Ten years preceding the survey,States : Bauchi (L2),96 (CI: 81 – 112),228 (CI: 190 – 265),,,,
Nigeria,2013 DHS,,States : Bauchi (L2),,,6.1,50.8,23.3,40.6
Nigeria,2013 DHS,Five years preceding the survey,States : Borno (L2),,,,,,
Nigeria,2013 DHS,Ten years preceding the survey,States : Borno (L2),39 (CI: 23 – 54),79 (CI: 45 – 112),,,,
Nigeria,2013 DHS,,States : Borno (L2),,,9.7,26.8,28.2,23.3
Nigeria,2013 DHS,Five years preceding the survey,States : Gombe (L2),,,,,,
Nigeria,2013 DHS,Ten years preceding the survey,States : Gombe (L2),80 (CI: 67 – 94),186 (CI: 165 – 206),,,,
Nigeria,2013 DHS,,States : Gombe (L2),,,22.4,47.5,14.2,32
Nigeria,2013 DHS,Five years preceding the survey,States : Taraba (L2),,,,,,
Nigeria,2013 DHS,Ten years preceding the survey,States : Taraba (L2),84 (CI: 72 – 97),152 (CI: 128 – 176),,,,
Nigeria,2013 DHS,,States : Taraba (L2),,,14.4,43.4,7.9,24.5
Nigeria,2013 DHS,Five years preceding the survey,States : Yobe (L2),,,,,,
Nigeria,2013 DHS,Ten years preceding the survey,States : Yobe (L2),69 (CI: 54 – 83),143 (CI: 123 – 163),,,,
Nigeria,2013 DHS,,States : Yobe (L2),,,6.9,49.3,23.6,36.6
Nigeria,2013 DHS,Five years preceding the survey,States : Jigawa (L2),,,,,,
Nigeria,2013 DHS,Ten years preceding the survey,States : Jigawa (L2),98 (CI: 80 – 116),218 (CI: 190 – 246),,,,
Nigeria,2013 DHS,,States : Jigawa (L2),,,3.6,59,17,44.1
Nigeria,2013 DHS,Five years preceding the survey,States : Kaduna (L2),,,,,,
Nigeria,2013 DHS,Ten years preceding the survey,States : Kaduna (L2),35 (CI: 23 – 47),73 (CI: 48 – 98),,,,
Nigeria,2013 DHS,,States : Kaduna (L2),,,35.3,56.6,41.7,57.6
Nigeria,2013 DHS,Five years preceding the survey,States : Kano (L2),,,,,,
Nigeria,2013 DHS,Ten years preceding the survey,States : Kano (L2),78 (CI: 65 – 92),158 (CI: 131 – 185),,,,
Nigeria,2013 DHS,,States : Kano (L2),,,13.2,48.3,39.7,58
Nigeria,2013 DHS,Five years preceding the survey,States : Katsina (L2),,,,,,
Nigeria,2013 DHS,Ten years preceding the survey,States : Katsina (L2),83 (CI: 66 – 99),220 (CI: 186 – 254),,,,
Nigeria,2013 DHS,,States : Katsina (L2),,,8.7,58.5,24.3,46
Nigeria,2013 DHS,Five years preceding the survey,States : Kebbi (L2),,,,,,
Nigeria,2013 DHS,Ten years preceding the survey,States : Kebbi (L2),102 (CI: 78 – 127),194 (CI: 153 – 235),,,,
Nigeria,2013 DHS,,States : Kebbi (L2),,,2.8,60.6,18.1,39
Nigeria,2013 DHS,Five years preceding the survey,States : Sokoto (L2),,,,,,
Nigeria,2013 DHS,Ten years preceding the survey,States : Sokoto (L2),102 (CI: 75 – 129),210 (CI: 169 – 250),,,,
Nigeria,2013 DHS,,States : Sokoto (L2),,,1.4,51.6,19.3,37.7
Nigeria,2013 DHS,Five years preceding the survey,States : Zamfara (L2),,,,,,
Nigeria,2013 DHS,Ten years preceding the survey,States : Zamfara (L2),142 (CI: 125 – 160),256 (CI: 233 – 279),,,,
Nigeria,2013 DHS,,States : Zamfara (L2),,,2.1,55.9,16.2,37
Nigeria,2013 DHS,Five years preceding the survey,States : Abia (L2),,,,,,
Nigeria,2013 DHS,Ten years preceding the survey,States : Abia (L2),79 (CI: 52 – 106),132 (CI: 98 – 166),,,,
Nigeria,2013 DHS,,States : Abia (L2),,,49.8,17.3,11,11.6
Nigeria,2013 DHS,Five years preceding the survey,States : Anambra (L2),,,,,,
Nigeria,2013 DHS,Ten years preceding the survey,States : Anambra (L2),61 (CI: 33 – 89),87 (CI: 46 – 128),,,,
Nigeria,2013 DHS,,States : Anambra (L2),,,51.6,18.4,17.3,14.1
Nigeria,2013 DHS,Five years preceding the survey,States : Ebonyi (L2),,,,,,
Nigeria,2013 DHS,Ten years preceding the survey,States : Ebonyi (L2),113 (CI: 94 – 132),179 (CI: 146 – 212),,,,
Nigeria,2013 DHS,,States : Ebonyi (L2),,,51.1,16.2,10.5,12.4
Nigeria,2013 DHS,Five years preceding the survey,States : Enugu (L2),,,,,,
Nigeria,2013 DHS,Ten years preceding the survey,States : Enugu (L2),73 (CI: 56 – 89),111 (CI: 92 – 130),,,,
Nigeria,2013 DHS,,States : Enugu (L2),,,45,11.7,8.9,7.1
Nigeria,2013 DHS,Five years preceding the survey,States : Imo (L2),,,,,,
Nigeria,2013 DHS,Ten years preceding the survey,States : Imo (L2),72 (CI: 50 – 93),133 (CI: 100 – 167),,,,
Nigeria,2013 DHS,,States : Imo (L2),,,62.4,16.9,11.8,11.6
Nigeria,2013 DHS,Five years preceding the survey,States : Ekiti (L2),,,,,,
Nigeria,2013 DHS,Ten years preceding the survey,States : Ekiti (L2),69 (CI: 45 – 92),105 (CI: 77 – 134),,,,
Nigeria,2013 DHS,,States : Ekiti (L2),,,49.4,19.2,8.3,10.4
Nigeria,2013 DHS,Five years preceding the survey,States : Lagos (L2),,,,,,
Nigeria,2013 DHS,Ten years preceding the survey,States : Lagos (L2),75 (CI: 51 – 99),96 (CI: 67 – 124),,,,
Nigeria,2013 DHS,,States : Lagos (L2),,,53.9,17,11.3,12.9
Nigeria,2013 DHS,Five years preceding the survey,States : Ogun (L2),,,,,,
Nigeria,2013 DHS,Ten years preceding the survey,States : Ogun (L2),63 (CI: 41 – 85),93 (CI: 67 – 119),,,,
Nigeria,2013 DHS,,States : Ogun (L2),,,24.4,23.8,10,18.3
Nigeria,2013 DHS,Five years preceding the survey,States : Ondo (L2),,,,,,
Nigeria,2013 DHS,Ten years preceding the survey,States : Ondo (L2),76 (CI: 62 – 90),119 (CI: 99 – 140),,,,
Nigeria,2013 DHS,,States : Ondo (L2),,,47.2,24,6.6,13.4
Nigeria,2013 DHS,Five years preceding the survey,States : Osun (L2),,,,,,
Nigeria,2013 DHS,Ten years preceding the survey,States : Osun (L2),41 (CI: 24 – 58),61 (CI: 44 – 77),,,,
Nigeria,2013 DHS,,States : Osun (L2),,,55.3,20.5,11.1,11.5
Nigeria,2013 DHS,Five years preceding the survey,States : Oyo (L2),,,,,,
Nigeria,2013 DHS,Ten years preceding the survey,States : Oyo (L2),42 (CI: 26 – 59),76 (CI: 54 – 98),,,,
Nigeria,2013 DHS,,States : Oyo (L2),,,25.8,27.2,10.1,17.7
Nigeria,2013 DHS,Five years preceding the survey,States : Akwa Ibom (L2),,,,,,
Nigeria,2013 DHS,Ten years preceding the survey,States : Akwa Ibom (L2),54 (CI: 35 – 73),79 (CI: 56 – 102),,,,
Nigeria,2013 DHS,,States : Akwa Ibom (L2),,,48,22.4,10.5,15.1
Nigeria,2013 DHS,Five years preceding the survey,States : Bayelsa (L2),,,,,,
Nigeria,2013 DHS,Ten years preceding the survey,States : Bayelsa (L2),58 (CI: 39 – 76),91 (CI: 71 – 112),,,,
Nigeria,2013 DHS,,States : Bayelsa (L2),,,51.5,20.5,5.2,10
Nigeria,2013 DHS,Five years preceding the survey,States : Cross River (L2),,,,,,
Nigeria,2013 DHS,Ten years preceding the survey,States : Cross River (L2),66 (CI: 48 – 84),104 (CI: 88 – 120),,,,
Nigeria,2013 DHS,,States : Cross River (L2),,,52.5,21.7,9.8,14.8
Nigeria,2013 DHS,Five years preceding the survey,States : Delta (L2),,,,,,
Nigeria,2013 DHS,Ten years preceding the survey,States : Delta (L2),59 (CI: 30 – 88),93 (CI: 54 – 132),,,,
Nigeria,2013 DHS,,States : Delta (L2),,,50.7,14.9,17,15.4
Nigeria,2013 DHS,Five years preceding the survey,States : Edo (L2),,,,,,
Nigeria,2013 DHS,Ten years preceding the survey,States : Edo (L2),45 (CI: 32 – 57),71 (CI: 53 – 89),,,,
Nigeria,2013 DHS,,States : Edo (L2),,,52.2,15.8,10.5,7.6
Nigeria,2013 DHS,Five years preceding the survey,States : Rivers (L2),,,,,,
Nigeria,2013 DHS,Ten years preceding the survey,States : Rivers (L2),60 (CI: 41 – 79),98 (CI: 73 – 122),,,,
Nigeria,2013 DHS,,States : Rivers (L2),,,55.5,16.1,10.5,11.4
Nigeria,2010 MIS,Five years preceding the survey,Total,78 (CI: 67 – 89),143 (CI: 123 – 163),,,,
Nigeria,2010 MIS,Ten years preceding the survey,Total,88 (CI: 77 – 98),157 (CI: 137 – 176),,,,
Nigeria,2010 MIS,,Total,,,,,,
Nigeria,2010 MIS,Five years preceding the survey,Groups of States : North Central (L1),,,,,,
Nigeria,2010 MIS,Ten years preceding the survey,Groups of States : North Central (L1),100 (CI: 78 – 122),131 (CI: 107 – 155),,,,
Nigeria,2010 MIS,,Groups of States : North Central (L1),,,,,,
Nigeria,2010 MIS,Five years preceding the survey,Groups of States : North East (L1),,,,,,
Nigeria,2010 MIS,Ten years preceding the survey,Groups of States : North East (L1),107 (CI: 79 – 134),195 (CI: 159 – 232),,,,
Nigeria,2010 MIS,,Groups of States : North East (L1),,,,,,
Nigeria,2010 MIS,Five years preceding the survey,Groups of States : North West (L1),,,,,,
Nigeria,2010 MIS,Ten years preceding the survey,Groups of States : North West (L1),95 (CI: 75 – 116),200 (CI: 156 – 244),,,,
Nigeria,2010 MIS,,Groups of States : North West (L1),,,,,,
Nigeria,2010 MIS,Five years preceding the survey,Groups of States : South East (L1),,,,,,
Nigeria,2010 MIS,Ten years preceding the survey,Groups of States : South East (L1),89 (CI: 71 – 107),140 (CI: 118 – 161),,,,
Nigeria,2010 MIS,,Groups of States : South East (L1),,,,,,
Nigeria,2010 MIS,Five years preceding the survey,Groups of States : South West (L1),,,,,,
Nigeria,2010 MIS,Ten years preceding the survey,Groups of States : South West (L1),58 (CI: 32 – 84),95 (CI: 62 – 127),,,,
Nigeria,2010 MIS,,Groups of States : South West (L1),,,,,,
Nigeria,2010 MIS,Five years preceding the survey,Groups of States : South South (L1),,,,,,
Nigeria,2010 MIS,Ten years preceding the survey,Groups of States : South South (L1),57 (CI: 42 – 72),103 (CI: 82 – 124),,,,
Nigeria,2010 MIS,,Groups of States : South South (L1),,,,,,
Nigeria,2008 DHS,Five years preceding the survey,Total,75 (CI: 71 – 79),157 (CI: 149 – 164),,,,
Nigeria,2008 DHS,Ten years preceding the survey,Total,87 (CI: 83 – 91),171 (CI: 164 – 178),,,,
Nigeria,2008 DHS,,Total,,,22.7,40.6,13.9,23.1
Nigeria,2008 DHS,Five years preceding the survey,Groups of States : North Central (L1),,,,,,
Nigeria,2008 DHS,Ten years preceding the survey,Groups of States : North Central (L1),77 (CI: 70 – 85),135 (CI: 122 – 147),,,,
Nigeria,2008 DHS,,Groups of States : North Central (L1),,,25.9,43.8,9.3,19.5
Nigeria,2008 DHS,Five years preceding the survey,Groups of States : North East (L1),,,,,,
Nigeria,2008 DHS,Ten years preceding the survey,Groups of States : North East (L1),109 (CI: 100 – 119),222 (CI: 208 – 236),,,,
Nigeria,2008 DHS,,Groups of States : North East (L1),,,7.6,48.6,22.2,34.5
Nigeria,2008 DHS,Five years preceding the survey,Groups of States : North West (L1),,,,,,
Nigeria,2008 DHS,Ten years preceding the survey,Groups of States : North West (L1),91 (CI: 84 – 99),217 (CI: 203 – 232),,,,
Nigeria,2008 DHS,,Groups of States : North West (L1),,,6,52.6,19.9,35.1
Nigeria,2008 DHS,Five years preceding the survey,Groups of States : South East (L1),,,,,,
Nigeria,2008 DHS,Ten years preceding the survey,Groups of States : South East (L1),95 (CI: 85 – 105),153 (CI: 140 – 167),,,,
Nigeria,2008 DHS,,Groups of States : South East (L1),,,42.9,21.7,8.6,10
Nigeria,2008 DHS,Five years preceding the survey,Groups of States : South West (L1),,,,,,
Nigeria,2008 DHS,Ten years preceding the survey,Groups of States : South West (L1),59 (CI: 51 – 67),89 (CI: 79 – 99),,,,
Nigeria,2008 DHS,,Groups of States : South West (L1),,,42.8,31.2,9.3,13.3
Nigeria,2008 DHS,Five years preceding the survey,Groups of States : South South (L1),,,,,,
Nigeria,2008 DHS,Ten years preceding the survey,Groups of States : South South (L1),84 (CI: 75 – 94),138 (CI: 124 – 151),,,,
Nigeria,2008 DHS,,Groups of States : South South (L1),,,36,31.1,7.5,12.8
Nigeria,2003 DHS,Five years preceding the survey,Total,100 (CI: 88 – 112),201 (CI: 183 – 219),,,,
Nigeria,2003 DHS,Ten years preceding the survey,Total,109 (CI: 100 – 119),217 (CI: 201 – 233),,,,
Nigeria,2003 DHS,,Total,,,12.9,42.4,11,24.3
Nigeria,2003 DHS,Five years preceding the survey,Groups of States : North Central (L1),,,,,,
Nigeria,2003 DHS,Ten years preceding the survey,Groups of States : North Central (L1),103 (CI: 82 – 123),165 (CI: 138 – 192),,,,
Nigeria,2003 DHS,,Groups of States : North Central (L1),,,12.4,35.1,7.8,14.2
Nigeria,2003 DHS,Five years preceding the survey,Groups of States : North East (L1),,,,,,
Nigeria,2003 DHS,Ten years preceding the survey,Groups of States : North East (L1),125 (CI: 109 – 142),260 (CI: 237 – 283),,,,
Nigeria,2003 DHS,,Groups of States : North East (L1),,,6,47.1,10.7,28.3
Nigeria,2003 DHS,Five years preceding the survey,Groups of States : North West (L1),,,,,,
Nigeria,2003 DHS,Ten years preceding the survey,Groups of States : North West (L1),114 (CI: 97 – 130),269 (CI: 242 – 297),,,,
Nigeria,2003 DHS,,Groups of States : North West (L1),,,3.7,59.8,14.3,36.4
Nigeria,2003 DHS,Five years preceding the survey,Groups of States : South East (L1),,,,,,
Nigeria,2003 DHS,Ten years preceding the survey,Groups of States : South East (L1),66 (CI: 22 – 110),103 (CI: 44 – 161),,,,
Nigeria,2003 DHS,,Groups of States : South East (L1),,,44.6,18.9,3.4,6.3
Nigeria,2003 DHS,Five years preceding the survey,Groups of States : South West (L1),,,,,,
Nigeria,2003 DHS,Ten years preceding the survey,Groups of States : South West (L1),69 (CI: 51 – 87),113 (CI: 84 – 141),,,,
Nigeria,2003 DHS,,Groups of States : South West (L1),,,32.5,28.5,9.6,17.3
Nigeria,2003 DHS,Five years preceding the survey,Groups of States : South South (L1),,,,,,
Nigeria,2003 DHS,Ten years preceding the survey,Groups of States : South South (L1),120 (CI: 84 – 156),176 (CI: 142 – 210),,,,
Nigeria,2003 DHS,,Groups of States : South South (L1),,,20.8,26.3,12.5,16.3
Nigeria,1990 DHS,Five years preceding the survey,Total,87 (CI: 78 – 97),193 (CI: 171 – 214),,,,
Nigeria,1990 DHS,Ten years preceding the survey,Total,92 (CI: 84 – 100),191 (CI: 173 – 210),,,,
Nigeria,1990 DHS,,Total,,,29,48.7,10.8,31.8
Nigeria,1990 DHS,Five years preceding the survey,Groups of States : Northeast - 1990 (L1),,,,,,
Nigeria,1990 DHS,Ten years preceding the survey,Groups of States : Northeast - 1990 (L1),88 (CI: 70 – 106),215 (CI: 181 – 249),,,,
Nigeria,1990 DHS,,Groups of States : Northeast - 1990 (L1),,,15.5,56.7,13.6,40.6
Nigeria,1990 DHS,Five years preceding the survey,Groups of States : Northwest - 1990 (L1),,,,,,
Nigeria,1990 DHS,Ten years preceding the survey,Groups of States : Northwest - 1990 (L1),110 (CI: 92 – 128),245 (CI: 176 – 313),,,,
Nigeria,1990 DHS,,Groups of States : Northwest - 1990 (L1),,,17.7,55.1,15.2,40.8
Nigeria,1990 DHS,Five years preceding the survey,Groups of States : Southeast - 1990 (L1),,,,,,
Nigeria,1990 DHS,Ten years preceding the survey,Groups of States : Southeast - 1990 (L1),83 (CI: 68 – 98),144 (CI: 124 – 165),,,,
Nigeria,1990 DHS,,Groups of States : Southeast - 1990 (L1),,,42.4,43.1,8,25.3
Nigeria,1990 DHS,Five years preceding the survey,Groups of States : Southwest - 1990 (L1),,,,,,
Nigeria,1990 DHS,Ten years preceding the survey,Groups of States : Southwest - 1990 (L1),85 (CI: 69 – 100),167 (CI: 139 – 196),,,,
Nigeria,1990 DHS,,Groups of States : Southwest - 1990 (L1),,,43.9,41.9,7.2,22.6
,,,,,,,,,
Children stunted,Percentage of children stunted (below -2 SD of height for age according to the WHO standard),,,,,,,,
Fully vaccinated (8 basic antigens),"Percentage of children 12-23 (or 24-35) months who were fully vaccinated with 8 basic antigens (BCG, Polio 1-3, DPT 1-3, Measles)",,,,,,,,
Children wasted,Percentage of children wasted (below -2 SD of weight for height according to the WHO standard),,,,,,,,
Children underweight,Percentage of children underweight (below -2 SD of weight for age according to the WHO standard),,,,,,,,
Infant mortality rate,"Probability of dying before the first birthday in the five or ten years preceding the survey, per 1,000 live births. Estimates are given for ten year periods for all characteristics, but for five year periods only for the national total, by residence, and by sex.",,,,,,,,
Under-five mortality rate,"Probability of dying before the fifth birthday in the five or ten years preceding the survey, per 1,000 live births. Estimates are given for ten year periods for all characteristics, but for five year periods only for the national total, by residence, and by sex.",,,,,,,,
"ICF, 2015. The DHS Program STATcompiler. Funded by USAID. http://www.statcompiler.com. September 30 2026",,,,,,,,,
